video_views,link_url,image_url,video_rating,video_duration,video_title,quality_480p
,https://www.pornhub.com/view_video.php?viewkey=ph5abe2a5d590d9,https://ci.phncdn.com/videos/201803/30/160152892/thumbs_25/(m=eaAaGwObaaaa)(mh=gbqnxOfbR9DcHDIJ)11.jpg,,1268,Oral creampie (and 2 more cumshots) in sexy lingerie. I swallowed it all!,https://de.phncdn.com/videos/201803/30/160152892/480P_600K_160152892.mp4?ttl=1523534880&ri=1843200&rs=1048&hash=46b8891b2f7ee97f4024f88d0daa18ba
,https://www.pornhub.com/view_video.php?viewkey=ph5aa4a349b6c62,https://ci.phncdn.com/videos/201803/11/157669782/original/(m=eaAaGwObaaaa)(mh=FKaI_hTxjczAbvQX)3.jpg,,1829,VR (BVR) т♄℮ ℉їґїηℊ Ḻḯᾔ℮,https://ce.phncdn.com/videos/201803/11/157669782/480P_600K_157669782.mp4?a5dcae8e1adc0bdaed975f0d64fb5e05744090496ebd9275d62d615a296cead4074bc5dbddacf06fb4e7d9ad2060f6a1f58791802f5b2fa9f7a7c75ef394adfe9150ff2927afee1d1dda9f7de22469a25f66f4a91ebc2b322b4563f61acb2b64b912c270dc2159a55d032501b8cd28df18c79048d148fc4dbf0e42dd4bdd48
,https://www.pornhub.com/view_video.php?viewkey=ph59d6b91da1000,https://ci.phncdn.com/videos/201710/05/135697262/original/(m=eaAaGwObaaaa)(mh=3VJ1GkpIl1L2nblm)12.jpg,,345,Chinese old man 5,https://de.phncdn.com/videos/201710/05/135697262/480P_600K_135697262.mp4?ttl=1523534881&ri=1228800&rs=808&hash=96740f2be0bffd68919d3ef62c006b55
,https://www.pornhub.com/view_video.php?viewkey=ph5a02c8ee5cb1d,https://ci.phncdn.com/videos/201711/08/140264702/original/(m=eaAaGwObaaaa)(mh=SuBS1R_T-r31H7Go)3.jpg,,910,Chinese grandpa giving it to grandma from behind,https://de.phncdn.com/videos/201711/08/140264702/480P_600K_140264702.mp4?ttl=1523534883&ri=1638400&rs=560&hash=52a7283eeed98478af93b7936eee495f
,https://www.pornhub.com/view_video.php?viewkey=ph5710b6a7b1b87,https://ci.phncdn.com/videos/201604/15/73908981/original/(m=eaAaGwObaaaa)(mh=-IZbobFzx7Fnx8M9)11.jpg,,1020,viola & molly 02,https://de.phncdn.com/videos/201604/15/73908981/480P_600K_73908981.mp4?ttl=1523534884&ri=1638400&rs=864&hash=dd8008b344e562eb46516bcbd1d98cb6
,https://www.pornhub.com/view_video.php?viewkey=ph59f388d6bf654,https://ci.phncdn.com/videos/201710/27/138706282/original/(m=eaAaGwObaaaa)(mh=Sxwf4nnA2RUdECVZ)16.jpg,,372,BBC ORAL CREAMPIE,https://de.phncdn.com/videos/201710/27/138706282/480P_600K_138706282.mp4?ttl=1523534884&ri=1228800&rs=1528&hash=0687d45967395fe594fb75d417943711
,https://www.pornhub.com/view_video.php?viewkey=ph57e9a95843a97,https://ci.phncdn.com/videos/201609/26/90797031/original/(m=eaAaGwObaaaa)(mh=B_BnC7a5Hdr9Yl38)8.jpg,,842,Asian GF sucking BBC for 14 Minutes straight!!!,https://de.phncdn.com/videos/201609/26/90797031/480P_600K_90797031.mp4?ttl=1523534886&ri=1638400&rs=1008&hash=0d3896492acb51358b21e6a3de69c238
,https://www.pornhub.com/view_video.php?viewkey=ph5a0965b62c788,https://ci.phncdn.com/videos/201711/13/140946902/original/(m=eaAaGwObaaaa)(mh=Pxxsqn0DMBHkYhJx)3.jpg,,618,Sexy Young Slut Masturbates To Orgasm - Homemade,https://de.phncdn.com/videos/201711/13/140946902/480P_600K_140946902.mp4?ttl=1523534887&ri=1433600&rs=752&hash=888bf83345832df6aafaf0ed28421793
,https://www.pornhub.com/view_video.php?viewkey=ph5ac3bafbbe0de,https://ci.phncdn.com/videos/201804/03/160689772/thumbs_31/(m=eaAaGwObaaaa)(mh=dAFcIZ72KhbJeJwW)14.jpg,,1383,Boss Fucks Hot Secretary Until She Squirts,https://ce.phncdn.com/videos/201804/03/160689772/480P_600K_160689772.mp4?a5dcae8e1adc0bdaed975f0d60fb5e050d523df0cca6435032db1bab0a4b451d8a412585437d6eae18f116eebf0207533920823c4427011f20833432be2de7ce1f14448a28ae1e3ed6ad82a162dab049ad6a2f4c46d33e4f569df1eeacf792566939cb7ea2ee473b52fbb8f4236693cd421bdadd3f0bcd9a2a4286
,https://www.pornhub.com/view_video.php?viewkey=ph5a6fcf96d5f33,https://di.phncdn.com/videos/201801/30/152478752/original/(m=eaAaGwObaaaa)(mh=C7K3KC1pe5f71l3m)1.jpg,,412,Hot Anal and Double Penetration compilations from LegalPorno/AmericanAnal,https://de.phncdn.com/videos/201801/30/152478752/480P_600K_152478752.mp4?ttl=1523534890&ri=1228800&rs=1064&hash=9cb7832f87b4d0ebc2ca2556e42e6dbc
,https://www.pornhub.com/view_video.php?viewkey=ph5a6a8bba80ebe,https://ci.phncdn.com/videos/201801/26/151873192/original/(m=eaAaGwObaaaa)(mh=LEn5r5wNBQhpwRIG)11.jpg,,796,emmalee williamson whore life hardcore bdsm 3,https://ce.phncdn.com/videos/201801/26/151873192/480P_600K_151873192.mp4?a5dcae8e1adc0bdaed975f0d61fb5e05756dc4acc488d2f9e61ef33953093512602c6cb1feb473ca0dd93cf7f73c0b27ca9b139acc38cb36f18b65ea62ebed684405bed5567491913f597c0fb1b6a84d3213c8bfca15b755e529680f9f19b5273eed8c52a6e0a3108e0328d288d1ecadcc5b2f8524f179fe27c8
,https://www.pornhub.com/view_video.php?viewkey=ph5abdb1cc7581f,https://di.phncdn.com/videos/201803/30/160113672/original/(m=qYM78RTbeaAaGwObaaaa)(mh=OYmCRV1zM68S2jK5)0.jpg,,540,Bratty Sis - Pervy StepSis Loves My April Fools Sex Games S4:E11,https://de.phncdn.com/videos/201803/30/160113672/480P_600K_160113672.mp4?ttl=1523534893&ri=1228800&rs=872&hash=5839b723101ffff87bf29d30169973ef
,https://www.pornhub.com/view_video.php?viewkey=ph5a913998a7771,https://ci.phncdn.com/videos/201802/24/155830362/thumbs_25/(m=eaAaGwObaaaa)(mh=gjQytDF5xnOl7lLS)3.jpg,,2077,Mother & Stepson's Beach House Getaway - Yasmin Scott - Family Therapy,https://de.phncdn.com/videos/201802/24/155830362/480P_600K_155830362.mp4?ttl=1523534894&ri=2252800&rs=792&hash=faf6bdafce1e22b95731282fad9f50a6
,https://www.pornhub.com/view_video.php?viewkey=ph5aa95c596b2f5,https://ci.phncdn.com/videos/201803/14/158131242/thumbs_25/(m=eaAaGwObaaaa)(mh=4U1bE6i-EiaKTPei)13.jpg,,1030,Perfect Teen Gets Her Tight Little Pussy Fucked,https://de.phncdn.com/videos/201803/14/158131242/480P_600K_158131242.mp4?ttl=1523534895&ri=1638400&rs=736&hash=75b67a66172af2b55a0641a3f8aaedd9
,https://www.pornhub.com/view_video.php?viewkey=ph5abbda5193064,https://ci.phncdn.com/videos/201803/28/159941762/original/(m=eaAaGwObaaaa)(mh=SEV4OnTx5F7OfNsL)11.jpg,,450,Adriana Showers them With Squirts While Getting Assfucked!,https://de.phncdn.com/videos/201803/28/159941762/480P_600K_159941762.mp4?ttl=1523534896&ri=1228800&rs=920&hash=664d1e1b1e84efab6b75a08cc6cc7814
,https://www.pornhub.com/view_video.php?viewkey=167807119,https://ci.phncdn.com/videos/201405/26/27300101/original/(m=eqglHgaaaa)(mh=U3YQXBFbBnGjxVDt)12.jpg,,120,Chicago's THOTS vol 5,https://de.phncdn.com/videos/201405/26/27300101/vl_480P_207.0k_27300101.mp4?ttl=1523534897&ri=1024000&rs=320&hash=64bb6265e868d9bbabbeed2c7ab9d29c
,https://www.pornhub.com/view_video.php?viewkey=1823276328,https://di.phncdn.com/videos/201307/30/15486742/original/(m=eqglHgaaaa)(mh=ymqRsONEQHu7skz9)8.jpg,,337,Cosby Show Fantasy Sex,https://ce.phncdn.com/videos/201307/30/15486742/vl_480P_622.0k_15486742.mp4?a5dcae8e1adc0bdaed975f0d65fb5e05659fc4504f4390c7773907b807e1104732ab074c3fea980525da125aed3e5352d3910d9834815c6b7ce3937f9bd3c4126de5216bd6041ccc4e54ed594d828a4eb6a6d65c29b4be42f9f0f70dece31d7eec6e2cb4c60946d9cbaeb41a2b56b71b18b9025b78fb6b08dc8db41e5376
,https://www.pornhub.com/view_video.php?viewkey=934100652,https://ci.phncdn.com/videos/201402/03/22718452/original/(m=eaAaGwObaaaa)(mh=ud174tDD8RfFlPX6)8.jpg,,16,4 car.  BJ,https://de.phncdn.com/videos/201402/03/22718452/vl_480P_278.0k_22718452.mp4?ttl=1523534900&ri=1024000&rs=472&hash=a13c1d83ae49403844497c16e6adef69
,https://www.pornhub.com/view_video.php?viewkey=930974751,https://ci.phncdn.com/videos/201405/06/26481291/original/(m=eaAaGwObaaaa)(mh=u2mZu_OrYvHUomAK)6.jpg,,154,SuperHead Sloppy Top,https://de.phncdn.com/videos/201405/06/26481291/vl_480P_337.0k_26481291.mp4?ttl=1523534902&ri=1024000&rs=480&hash=36e8202d8985b46b108c94c06db2a58d
,https://www.pornhub.com/view_video.php?viewkey=1480963211,https://di.phncdn.com/videos/201404/23/25886882/original/(m=eqglHgaaaa)(mh=8PbMDlRfjUHgPJxD)1.jpg,,9,Daddy Skinny fucks random white bitch,https://de.phncdn.com/videos/201404/23/25886882/vl_480P_310.0k_25886882.mp4?ttl=1523534902&ri=1024000&rs=448&hash=1471586d72ac03a8642654c84c00bfa4
,https://www.pornhub.com/view_video.php?viewkey=ph59a80312847e4,https://di.phncdn.com/videos/201708/31/130742411/original/(m=qS0PW6SbeaAaGwObaaaa)(mh=wJT1ISpTwfN_hqJR)0.jpg,,303,18VR Anal Threesome With Eveline Dellai And Silvia Dellai VR Porn,https://de.phncdn.com/videos/201708/31/130742411/480P_600K_130742411.mp4?ttl=1523534903&ri=51200000&rs=400000&hash=2d42c1a4c154b26865d8610d1594d9cf
,https://www.pornhub.com/view_video.php?viewkey=ph5aa10f84ead53,https://ci.phncdn.com/videos/201803/08/157328411/original/(m=eaAaGwObaaaa)(mh=n0PtM0lT3Bboqizr)6.jpg,,1065,Teach Me How To Fuck My Lil Ass,https://ce.phncdn.com/videos/201803/08/157328411/480P_600K_157328411.mp4?a5dcae8e1adc0bdaed975f0d60fb5e050d523df0cca6435032db1bab0a4b451d8a412585437d6eae1ff116e5bf02045479e08c69d92b7bc7373aef95e97e097e14ab1205677a0f24762e64d404807728018a1e203ebbc9e1b8d26fbb23f85967562441d4171ce2a777251abca0993f08e83d17016e9204cbf678cc
,https://www.pornhub.com/view_video.php?viewkey=ph5a89183f13848,https://di.phncdn.com/videos/201802/18/155067922/original/(m=eaAaGwObaaaa)(mh=ldVSAAiGEwJhzRjI)15.jpg,,98,Hard anal sex make teen squirt and squirt and squirt,https://de.phncdn.com/videos/201802/18/155067922/480P_600K_155067922.mp4?ttl=1523534906&ri=1024000&rs=728&hash=7021cab3f9974a21b3035cd6e3e421a2
,https://www.pornhub.com/view_video.php?viewkey=ph5aba6a767f20d,https://ci.phncdn.com/videos/201803/27/159804592/original/(m=eaAaGwObaaaa)(mh=dwCE9ZNYrnDxOf3f)14.jpg,,754,Lost hikers have rough anal sex to stay warm in snow - 2 orgasms 1 cumshot,https://ce.phncdn.com/videos/201803/27/159804592/480P_600K_159804592.mp4?a5dcae8e1adc0bdaed975f0d60fb5e050d523df0cca6435032db1bab0a4b451d8a412585437d6eae1ff114eabf02045a10f7cfbe0da947d2d8fa7c914008c08f21850c064b5c3c20d19df9c764b760b746a4ee9e5ffaae5a004189623fedcb4ab253623aa2232cfe34e607ac3a7d19b7eea1b1ad6a8c45ec3474b9
,https://www.pornhub.com/view_video.php?viewkey=ph5ac7c32fc0e29,https://ci.phncdn.com/videos/201804/06/161067972/thumbs_103/(m=eaAaGwObaaaa)(mh=WZx49NjlEAJzQNKZ)1.jpg,,1671,Jynx Maze VS Abella Anderson - Riding Battle (No Music) HQ,https://ce.phncdn.com/videos/201804/06/161067972/480P_600K_161067972.mp4?a5dcae8e1adc0bdaed975f0d67fb5e0527c20903c5bb57a6cad7e6cb50bc41fbb1152c24e90eef019c6ed347d2bfe75a1f77611ae11b2bb390e048634a40c126514a39595ee24d308432d910e078ae31b7d32cf2b9c1c04f8fdd11b9f28620fdbdfb10bcc428d244eb68190aaed4247f401510d12aad20c1134510da
,https://www.pornhub.com/view_video.php?viewkey=ph590b60456f557,https://ci.phncdn.com/videos/201705/04/115345261/original/(m=eaAaGwObaaaa)(mh=p8SBj9q_vMkj6B3H)5.jpg,,308,Trailer trash whore Mallory Maneater slurps while face fucked,https://de.phncdn.com/videos/201705/04/115345261/480P_600K_115345261.mp4?ttl=1523534910&ri=1228800&rs=1000&hash=9cf8717e9f33f70b0e0d685c23685544
,https://www.pornhub.com/view_video.php?viewkey=ph5aab315d3f581,https://di.phncdn.com/videos/201803/16/158304012/original/(m=eaAaGwObaaaa)(mh=bUpW2p4g3NrSaMc8)6.jpg,,2730,美肌で綺麗なパイパン娘とラブラブSEXで中出し,https://de.phncdn.com/videos/201803/16/158304012/480P_600K_158304012.mp4?ttl=1523534911&ri=2764800&rs=792&hash=7d0dff463a201bfcf5613c232ec503b5
,https://www.pornhub.com/view_video.php?viewkey=ph55f9d1826d154,https://ci.phncdn.com/videos/201509/16/57458922/original/(m=eaAaGwObaaaa)(mh=lYjcA-EfPTxUKADr)9.jpg,,767,Escort Caught On Hidden Camera and Its Amirah,https://de.phncdn.com/videos/201509/16/57458922/480P_600K_57458922.mp4?ttl=1523534913&ri=1433600&rs=1016&hash=a63584e39b32d6877f13903b3485aede
,https://www.pornhub.com/view_video.php?viewkey=ph5abfc53dc91c5,https://di.phncdn.com/videos/201803/31/160306462/thumbs_10/(m=eaAaGwObaaaa)(mh=Uu5fnxvquAYfmwqB)6.jpg,,665,Casual Sex in a Madrid Hotel Room between 2 Amateurs Teenagers,https://de.phncdn.com/videos/201803/31/160306462/480P_600K_160306462.mp4?ttl=1523534914&ri=1433600&rs=760&hash=65ce43b53759063b5cea5cdf783b8c78
,https://www.pornhub.com/view_video.php?viewkey=ph5a9bf04b660ca,https://ci.phncdn.com/videos/201803/04/156835472/original/(m=eaAaGwObaaaa)(mh=H5GhcrU553A42EAM)4.jpg,,756,Bangladeshi Porn Babe Spreading Legs Taking Big White Cock Inside,https://de.phncdn.com/videos/201803/04/156835472/480P_600K_156835472.mp4?ttl=1523534915&ri=1433600&rs=896&hash=a64c0090359f058a83f6588757d05e9f
,https://www.pornhub.com/view_video.php?viewkey=ph5aa863e454742,https://ci.phncdn.com/videos/201803/13/158046112/original/(m=eaAaGwObaaaa)(mh=mIVTJezEcwLStWLs)11.jpg,,2036,rin25sai,https://de.phncdn.com/videos/201803/13/158046112/480P_600K_158046112.mp4?ttl=1523534917&ri=2252800&rs=736&hash=8deca4424c76740f04cb662575bb5e22
,https://www.pornhub.com/view_video.php?viewkey=ph5a962b4458137,https://di.phncdn.com/videos/201802/28/156296692/original/(m=eaAaGwObaaaa)(mh=gVXqkps3GTI1TNQB)12.jpg,,1831,"JOHN WICK PORN PARODY: ""JOHN WANK""",https://de.phncdn.com/videos/201802/28/156296692/480P_600K_156296692.mp4?ttl=1523534917&ri=2252800&rs=728&hash=5115ed676c2ec4e742e2fe581511059d
,https://www.pornhub.com/view_video.php?viewkey=ph5aaa54f33ab9d,https://ci.phncdn.com/videos/201803/15/158221742/original/(m=eaAaGwObaaaa)(mh=fA9efOOzwgsC7QN-)15.jpg,,2865,Asian sexy girl picked up from club straight to the hotel,https://ce.phncdn.com/videos/201803/15/158221742/480P_600K_158221742.mp4?a5dcae8e1adc0bdaed975f0d60fb5e050d523df0cca6435032db1bab0a4b451d8a412585437d6eae1ff117e8bf02045be9d5c8da9b3ee33e5972837c0f903d038355cde5e55b9e62bdc8b12248a372251b24ec45c8fadbd10e4a46d12fbff7cbd59b1f45a67bd192537e5c2713b1aae25d9205c295fad8598b8238
,https://www.pornhub.com/view_video.php?viewkey=ph5ac25fbf78fa3,https://ci.phncdn.com/videos/201804/02/160553212/original/(m=eaAaGwObaaaa)(mh=gG3cccwPx9ZgO8zf)9.jpg,,405,Office worker getting some juice up as her work gets boring,https://de.phncdn.com/videos/201804/02/160553212/480P_600K_160553212.mp4?ttl=1523534920&ri=1228800&rs=760&hash=98c96993887b468bedcf520fe2ae31cf
,https://www.pornhub.com/view_video.php?viewkey=ph5a24d4c910e08,https://di.phncdn.com/videos/201712/04/143904042/original/(m=eaAaGwObaaaa)(mh=uoA3mM4euvZu5TRn)5.jpg,,3143,BoxTruckSex.16.10.29.Minnie.Manga,https://ce.phncdn.com/videos/201712/04/143904042/480P_600K_143904042.mp4?a5dcae8e1adc0bdaed975f0d67fb5e0527c20903c5bb57a6cad7e6cb50bc41fbb1152c24e90ee00089707fad83a48b01e42cbfbc5bcefa0f61faae2c6cd16c659943e21a964cb5775a1184c4d58532273ad5250f6e7f8ca03d29739ccf6f57eaf97573a23631bcb1ca51565d818b56d6a344dec7631ab58461466c78
,https://www.pornhub.com/view_video.php?viewkey=ph5ac6a56a89e29,https://ci.phncdn.com/videos/201804/05/160970322/original/(m=eaAaGwObaaaa)(mh=gOKdqC9feFS-2cKl)14.jpg,,360,Young Anal Tryouts - Sweetie turns on a lad before making anal sex,https://ce.phncdn.com/videos/201804/05/160970322/480P_600K_160970322.mp4?a5dcae8e1adc0bdaed975f0d60fb5e050d523df0cca6435032db1bab0a4b451d8a412585437d6eae18f116e8bf020753662d42ab2237bf038ce74330b14d591cf22e2e7c10ce3bf1faca7947b8d7fe41adc57a02ff225bbb8249538ca93585604ee0664e01f922317f35eaced901e8388d336bd7de02cbcc3e264b
,https://www.pornhub.com/view_video.php?viewkey=ph5a9732b87b9bd,https://ci.phncdn.com/videos/201802/28/156390412/original/(m=eaAaGwObaaaa)(mh=mgedWVpEpyq-apdB)11.jpg,,641,HOLED Shower anal toying fuck with latina Monica Sage,https://de.phncdn.com/videos/201802/28/156390412/480P_600K_156390412.mp4?ttl=1523534924&ri=1433600&rs=992&hash=621aa128b9261804e1bf6b0847e92b06
,https://www.pornhub.com/view_video.php?viewkey=ph59a644ffd1b94,https://ci.phncdn.com/videos/201708/30/130551851/original/(m=eaAaGwObaaaa)(mh=WkYIjaiGYn9z4mSH)12.jpg,,1614,blue kink - Scene 4,https://de.phncdn.com/videos/201708/30/130551851/170830_0455_480P_600K_130551851.mp4?ttl=1523534925&ri=2048000&rs=1144&hash=77b6c1930a11f58eb6e99904958c6273
,https://www.pornhub.com/view_video.php?viewkey=ph571f952751597,https://di.phncdn.com/videos/201604/26/74999361/original/(m=eqglHgaaaa)(mh=h3bd8-ZfHW4gumtT)12.jpg,,5480,vampire,https://ce.phncdn.com/videos/201604/26/74999361/480P_600K_74999361.mp4?a5dcae8e1adc0bdaed975f0d61fb5e05756dc4acc488d2f9e61ef33953093512602c6cb1feb47dcaf36040f0cf352efde1830203cbed286415b90957839a07279682ff7d3d8190bd46539c89c5cd6b9bc072e24efdc742258c14658c399c2f828a3c0d7221f4c484cd4447e09125f9c56917380459a7cee72bef
,https://www.pornhub.com/view_video.php?viewkey=ph5a9fd2c7e9529,https://ci.phncdn.com/videos/201803/07/157210041/original/(m=eaAaGwObaaaa)(mh=wZeklCp4RIxirEy6)13.jpg,,603,BANG Gonzo - Marica Haze gets an intense ass fucking,https://de.phncdn.com/videos/201803/07/157210041/480P_600K_157210041.mp4?ttl=1523534928&ri=1433600&rs=1080&hash=97102e534be5f195a7b0cad074e47208
,https://www.pornhub.com/view_video.php?viewkey=ph57d6263eee987,https://ci.phncdn.com/videos/201609/12/89133961/original/(m=eaAaGwObaaaa)(mh=wv1n2qaW7ydhGz8Q)12.jpg,,633,8 Girl Hitachi Orgy,https://de.phncdn.com/videos/201609/12/89133961/480P_600K_89133961.mp4?ttl=1523534929&ri=1433600&rs=888&hash=7dd1300a4c8820525b3ee83e95e19f6c
,https://www.pornhub.com/view_video.php?viewkey=ph5ac4d8e0e5b5e,https://di.phncdn.com/videos/201804/04/160783942/original/(m=q1NK3STbeaAaGwObaaaa)(mh=9EbKgZN3tqWLiFpZ)0.jpg,,743,SWALLOWED Tiffany Watson tests her deepthroat skills,https://de.phncdn.com/videos/201804/04/160783942/480P_600K_160783942.mp4?ttl=1523534931&ri=1433600&rs=1360&hash=5981d9713681ebbe7428858a6f4127f7
,https://www.pornhub.com/view_video.php?viewkey=ph5ab3e4e3632b9,https://di.phncdn.com/videos/201803/22/159123492/original/(m=eaAaGwObaaaa)(mh=w5r7DR7sCsZYYPG5)12.jpg,,244,Sexually Broken fuck compilation part 2,https://ce.phncdn.com/videos/201803/22/159123492/480P_600K_159123492.mp4?a5dcae8e1adc0bdaed975f0d61fb5e05756dc4acc488d2f9e61ef33953093512602c6cb1feb473ca0fd93cf3f73c0b2f86b84daa816a9cc633bcef6e57fba96988cb7f0ac6135826e5fe76d46a1b0dd3ce823e7c81e1ef9283ae255584d525bdb4764688dbcaca6231e13fc820196b978a240ef9d2d9c93e2aad
,https://www.pornhub.com/view_video.php?viewkey=ph599e37d4b27de,https://di.phncdn.com/videos/201708/24/129750471/original/(m=eaAaGwObaaaa)(mh=xxwOyZnh7ref3gxP)14.jpg,,1428,ASTRO DOMINA - The Blow,https://de.phncdn.com/videos/201708/24/129750471/480P_600K_129750471.mp4?ttl=1523534933&ri=1843200&rs=768&hash=cdeb54e3556e620222c332e87853f95f
,https://www.pornhub.com/view_video.php?viewkey=ph5aca9badede65,https://ci.phncdn.com/videos/201804/08/161339772/original/(m=eaAaGwObaaaa)(mh=3tKphTe_5agOdKJP)10.jpg,,367,Brunette Babe Decides To Offer Tribute The Big Way,https://de.phncdn.com/videos/201804/08/161339772/480P_600K_161339772.mp4?ttl=1523534934&ri=1228800&rs=808&hash=047383b970ffc596ce62a89caaa197ff
,https://www.pornhub.com/view_video.php?viewkey=ph5aa5843d896c7,https://ci.phncdn.com/videos/201803/11/157757732/original/(m=eaAaGwObaaaa)(mh=cW0tphzkH_YZYk3s)2.jpg,,307,White teen fucks first BBC on Snapchat boyfriend watches,https://de.phncdn.com/videos/201803/11/157757732/480P_600K_157757732.mp4?ttl=1523534936&ri=1228800&rs=584&hash=e527a715ca0f64c36097201dd603bf37
,https://www.pornhub.com/view_video.php?viewkey=ph5aa0da6ceb3e1,https://ci.phncdn.com/videos/201803/08/157310211/original/(m=eaAaGwObaaaa)(mh=wI_lOaWOi_0EjzGe)8.jpg,,761,Beautiful tanned babes fucking on bed,https://de.phncdn.com/videos/201803/08/157310211/480P_600K_157310211.mp4?ttl=1523534937&ri=1433600&rs=696&hash=38031df5b510f0412e8d1313d4add55e
,https://www.pornhub.com/view_video.php?viewkey=ph5aca738d83886,https://ci.phncdn.com/videos/201804/08/161327672/thumbs_20/(m=eaAaGwObaaaa)(mh=wILxYvw4fGSlTHmA)14.jpg,,3129,That Day U Fucked A Sexy Drunk Stripper....,https://de.phncdn.com/videos/201804/08/161327672/480P_600K_161327672.mp4?ttl=1523534939&ri=3379200&rs=952&hash=354fae72282b409f8ddd5e104d17e539
,https://www.pornhub.com/view_video.php?viewkey=ph5a70628e87acc,https://ci.phncdn.com/videos/201801/30/152537892/original/(m=eaAaGwObaaaa)(mh=rILFvdT-KI64Jj4_)9.jpg,,612,Squirts Nikki Neives Rides A Big Cock,https://de.phncdn.com/videos/201801/30/152537892/480P_600K_152537892.mp4?ttl=1523534940&ri=1433600&rs=704&hash=821ff130784b5a5ff15363dfe3a94e92
,https://www.pornhub.com/view_video.php?viewkey=ph5a93412997e0c,https://ci.phncdn.com/videos/201802/25/156032142/thumbs_50/(m=eaAaGwObaaaa)(mh=YKa0fdl5mb8Vq-YM)11.jpg,,1023,Sexy young asian girl edges stiff cock to a massive finish!,https://de.phncdn.com/videos/201802/25/156032142/480P_600K_156032142.mp4?ttl=1523534943&ri=1638400&rs=760&hash=698d6710a621ec36bc2dd634e8119293
,https://www.pornhub.com/view_video.php?viewkey=ph5aa20b2ba6ce4,https://di.phncdn.com/videos/201803/09/157439942/thumbs_1/(m=eaAaGwObaaaa)(mh=FXjk_9LqDa15wb3y)7.jpg,,228,Watching My Man Put His BBC In My Friend -